seller_id,seller_gmv,num_orders,late_rate_pct,avg_review_score,gmv_rank
4869f7a5dfa277a7dca6462dcf3b52b2,249393.44,1131,10.5,4.14,1
7c67e1448b00f6e969d365cea6b010ab,239536.44,982,9.1,3.49,2
53243585a1d6dc2643021fd1853d8905,235856.68,358,3.4,4.13,3
4a3ca9315b744ce9f8e9374361493884,235359.30,1804,9.7,3.83,4
fa1c13f2614d7b5c4749cbc52fecda94,202861.67,584,9.2,4.34,5
da8622b14eb17ae2831f4ac5b9dab84a,185192.32,1314,6.6,4.17,6
7e93a43ef30c4f03f38b393420bc753a,177414.87,331,4.7,4.25,7
1025f0e2d44d7041d6cf58b6550e0bfa,172860.69,915,7.9,3.99,8
7a67c85e85bb2ce8582c35f2203ad736,162607.24,1159,5.2,4.24,9
955fee9216a65b617aa5c0531780ce60,160582.90,1286,6.1,4.16,10
6560211a19b47992c3666cc44a7e94c0,150522.02,1847,5.3,3.95,11
1f50f920176fa81dab994f9023523100,142037.48,1403,8.9,4.14,12
46dc3b2cc0980fb8ec44634e21d2718e,136492.87,509,5.9,4.22,13
a1043bafd471dff536d0c462352beb48,133195.80,715,5.0,4.23,14
cc419e0650a3c5ba77189a1882b7556a,129169.95,1697,5.3,4.09,15
5dceca129747e92ff8ef7a997dc4f8ca,125737.68,324,5.6,3.99,16
620c87c171fb2a6dd6e8bb4dec959fc6,122365.03,709,9.0,4.26,17
7d13fca15225358621be4086e1eb0964,122261.02,565,11.5,4.02,18
3d871de0142ce09b7081e2b9d1733cb1,116835.80,1076,5.5,4.16,19
edb1ef5e36e0c8cd84eb3c9b003e486d,83189.65,166,7.3,4.42,20
